{
  "ATT.ST": {
    "highest_price": 110.9000015258789,
    "activated": true,
    "activation_price": 105.8400032043457
  },
  "USB": {
    "highest_price": 57.849998474121094,
    "activated": true,
    "activation_price": 56.54249839782715
  }
}